id,followers_count,friends_count,location,name,verified
0,4284242,477,india,CNNnews18,True
1,395,0,india,indianlivefeed,False
2,9115399,391,india,TimesNow,True
3,5274393,231,india,IndiaToday,True
4,728840,3,india,republic,True
5,12180295,538,new delhi,timesofindia,True
6,285,88,,TimesofNewsHUB,False
7,6976360,130,india,htTweets,True
8,1365,765,"saket, new delhi",mytentaran,False
9,65,0,new delhi,ranjitrana4u,False
10,460,2361,,18AKGOYAL,False
11,11838662,14,india,ndtv,True
12,122703,165,india,news18dotcom,True
13,16074,5427,worldwide,Hindutva__watch,False
14,1351,5002,usa ,KSMANN,False
15,5585,4590,new delhi,tarunkumar006,False
16,58977,702,india,Oneindia,True
17,26637,44,new delhi,ians_india,True
18,713443,264,mumbai,moneycontrolcom,True
19,340582,312,,TheQuint,True
20,405227,266,india,tv9gujarati,True
21,43,28,india,indiaclickings,False
22,47141,326,india,latestly,True
23,2033320,998,india,firstpost,True
24,818736,34,india,indiatvnews,True
25,198138,128,new delhi,OpIndia_com,True
26,153521,418,india,NewsNationTV,True
27,4580,62,india,WeForNews,False
28,60967,615,national capital region,dev_discourse,False
29,4971,2463,üá™üá∫üá©üá™üá´üá∑üö©,LegalKant,False
30,3223781,0,india,ANI,True
31,0,0,,nirvachan_guru,False
32,12967,6,bengaluru,NEWS9TWEETS,True
33,6341,65,india,HindustanTimes,True
34,378935,539,chennai,NewIndianXpress,True
35,38762,677,india,DeccanHerald,True
36,1823693,383,india,bsindia,True
37,208139,52,india,Outlookindia,True
38,1105513,22,india,TOIIndiaNews,True
39,3240376,386,india,IndianExpress,True
40,3360379,43,,EconomicTimes,True
41,2429,296,india,thenglishpost,False
42,574208,44,india,FinancialXpress,True
43,193889,171,noida,news24tvchannel,False
44,2071301,369,india,dna,True
45,5597158,200,india,the_hindu,True
46,2451,279,,pennewstweet,False
47,399,110,online,TPE_connect,False
48,67119,39,india,DailyO_,True
49,17194,6136,indraprastha ,sri9011,False
50,51,66,,VRangade,False
51,49,59,,vishal185526203,False
52,131442,86,india,ThePrintIndia,True
53,64,31,india,vishal210487,False
54,201274,1274,"vancouver, british columbia",threadreaderapp,False
55,2496,435,india,Puneetvizh,False
56,548,415,chandigarh,DailyWorldChd,False
57,70190,182,india,DeccanChronicle,True
58,888,70,online,PigeonExpress_,False
59,13064,94,india,NewsMobileIndia,False
60,1839472,280,india,livemint,True
61,2199648,36,pakistan,ARYNEWSOFFICIAL,True
62,0,0,,JagranPost,False
63,85527,93,india,WIONews,True
64,25,111,,BalGovindPasi2,False
65,826,1698,india,somsirsa,False
66,541776,117,islamabad,RadioPakistan,True
67,17723,19,"jammu, jammu and kashmir",JAMMULINKS,False
68,78258,315,india,NH_India,True
69,540,457,new delhi,umakantsingh_IN,False
70,2601,122,india,IndiaAheadNews,False
71,1359,1391,india,aftabistan,False
72,2836,441,,Dharma2X,False
73,58764,257,chandigarh,thetribunechd,True
74,488,519,india,GabbarSinggg,False
75,174,416,india,RAJULYADAV8,False
76,237474,52,india,TV9Telugu,True
77,290,19,"new york, usa",southasiansnews,False
78,2112,110,india,tamilnaadulive,False
79,267874,89,,scroll_in,True
80,440,560,,aginner_,False
81,102860,248,india,BloombergQuint,True
82,8328,287,india,Satyanewshi,False
83,0,0,,mrdevarshijoshi,False
84,2068,0,india,madhusudan41,False
85,7335,3759,‡§ú‡•à ‡§π‡§ø‡§Ç‡§¶ ‡§ï‡•Ä ‡§∏‡•á‡§®‡§æüáÆüá≥‡§µ‡§Ç‡§¶‡•á ‡§Æ‡§æ‡§§‡§∞‡§Æ‡•ç,ssharma68,False
86,2247,407,india,OmmcomNews,False
87,244,0,everywhere,OnlineArticles_,False
88,1322,722,worldwide,prathod2008,False
89,972425,362,india,BT_India,True
90,2476,1788,"toronto, canada",hitech_guru,False
91,37745,276,india,ThinkersPad,False
92,19221,110,,TheDailyPioneer,True
93,538761,136,,thewire_in,True
94,68767,30,india,MirrorNow,True
95,498,123,india,DisDatNothin,False
96,8415,1005,,nc24x7,False
97,561681,187,india,NewsX,True
98,0,0,,LightDemUp,False
99,149150,670,india,SwarajyaMag,True
100,42645,46004,kanyakumari tamilnadu,56perumal,False
101,2203,46,new delhi,epatrakaar,False
102,8993,496,houston / sugarland,ask0704,False
103,1161,343,kalyanipuri,Suchindranath,False
104,406,237,pakistan,SherySyed2,False
105,6757,2448,india,indiablooms,False
106,218,547,,p_jaikumar,False
107,52,40,,CHELLAPPANARAYA,False
108,2030,4987,paris old eu,ormiga,False
109,232251,9390,india,AdityaRajKaul,True
110,142,66,,PawsnSingh,False
111,3415,1663,asia,watsupasia,False
112,0,0,,BreakingNewsTo7,False
113,134287,24,,HuffPostIndia,True
114,158857,24,,ndtvfeed,True
115,103,143,india,LaxmanShriram78,False
116,366227,564,india,BTVI,True
117,4631652,47,india,ZeeNews,True
118,14498,81,india,RavinarIN,False
119,2028,2955,,ramesh94_bithar,False
120,28,630,down under,SamWise4Peace,False
121,2,39,,article370gone,False
122,7512,1572,india,24x7Politics,False
123,194,656,united states,nakshatra1812,False
124,2194,2874,india,thefirstindia,False
125,14612,11678,jaipur,kktotlani,False
126,2359,283,india,ThePulseIndia,False
127,314,56,india,doctr_pro,False
128,8606,473,india,fpjindia,True
129,59,5,coventry,WebduniaCheck,False
130,1505,0,jammu | kashmir | delhi,State_Times,False
131,1151,1556,united kingdom,FansnStars,False
132,390,590,india,Xenohadi,False
133,1556,4999,,Dmkt1,False
134,277,124,,indiaonthe_move,False
135,0,0,,GoNews24x7,False
136,475,84,india,757LiveIN,False
137,2178529,13,india,airnewsalerts,True
138,104,589,new delhi,omsaraf,False
139,1425,1853,new delhi,all_things_modi,False
140,595,0,jammu and kashmir,takeonedigital,False
141,484822,118,india,ETNOWlive,True
142,10,11,"warangal-hamamkonda, hyderabad",vilambii,False
143,5051,5345,"√ºt: 22.517302,88.351654",DEBKANCHAN,False
144,380367,241,india,otvnews,True
145,8690594,231,india,ABPNews,True
146,4558,4434,india,LDAgarwal1,False
147,0,0,,sapsingekars,False
148,488,2318,india,ramankk92,False
149,1067,350,hindustan,Remesh_Hind,False
150,29427,46,india,msnindia,True
151,702,12,,vijay_agneepath,False
152,92388,15,tv | web,rajyasabhatv,True
153,37046,474,india,abdullah_0mar,False
154,142,70,,ettirankandath,False
155,3378,4401,india,vajapeyam,False
156,84,258,"melbourne, victoria",ProfSKGtAi,False
157,45932,228,india,BiIndia,True
158,0,0,,Akki798973,False
159,1084,2318,india,ApnaTimeAaega,False
160,29,5,,theupdaterpost,False
161,88,129,,IndiaLeaksCom,False
162,8303,43,usa,myindmakers,False
163,9504,345,india,indiacom,True
164,4443,0,india,Indsamachar,False
165,896,1878,,dhertiv,False
166,17,273,india,MediaScourge,False
167,0,0,,AjithKu22162416,False
168,364,1948,new delhi,AroraGirish,False
169,554,20,earth,ishaanmeet,False
170,50866,151,india,orfonline,True
171,30991,4846,"‡§ï‡•ã‡§≤‡§ï‡§æ‡§§‡§æ, ‡§≠‡§æ‡§∞‡§§",VinayDokania,False
172,446,1861,india,psonu77,False
173,21013,91,"sultanpur, new delhi",editorji,True
174,2847,32,india,HWNewsEnglish,False
175,65981,1024,india,surnell,False
176,82,238,,appaism,False
177,46390,3045,india,Sootradhar,True
178,564,12,new delhi,SKonPolitics,False
179,2482,5002,india,saadhyudu2011,False
180,106385,979,,amritabhinder,True
181,192,8,"jammu tawi, jammu and kashmir",NorthlinesJK,False
182,1155,433,,DriverRamudu,False
183,766,2131,"las vegas, nv",CrweWorld,False
184,153785,268,,JantaKaReporter,True
185,47,69,india,kachchonayi,False
186,12627,832,india,sidhant,False
187,28,0,,sameer76510496,False
188,317,190,india,pujaraamit,False
189,168,1,,RanjitSMand,False
190,7413,5,,knowthenation,False
191,256,1425,"jammu, jammu and kashmir",Jehlamtimes,False
192,670742,200,,CNBCTV18News,True
193,2556,2373,india,RD_BANA,False
194,13571,3839,‚òÅ in tweets,SALSIKandar,False
195,1454,35,chennai,VE23VJAY,False
196,18067,859,mostly on the road,SandipGhose,True
197,20007,184,india,MyNation,True
198,5020,407,india,dt_next,True
199,2157732,1095, sg@theprint.in,ShekharGupta,True
200,12320,65,,JioNews,True
201,3379,4942,san jose,naashonomics,False
202,13243,167,,mail_today,False
203,8286,183,india,ketan72,False
204,1069,114,india,keshaboinasri,False
205,143148,118,,newslaundry,True
206,20880,248,india,TheWeekLive,False
207,249,50,,LALITSHARMAHP,False
208,9,8,you can find me in da club,VanillaSeikh,False
209,518,1021,india,Subash2Dr,False
210,2331,1836,india,ConnectGujarat,False
211,19,273,,RahulGovt,False
212,34804,2888,india,Geeta_Mohan,True
213,8808,2085,,AayuJourno,False
214,1464,603,"vadodara,sanskari nagri",urstrulyjatin,False
215,670,150,akhand bharat,Red__Wine1,False
216,423,404,india,greenfpoa,False
217,146,754,karnataka,tusharnatrajan,False
218,16512,62,india,DynamiteNews_,False
219,320,171,bangalore,Vishwaamitra,False
220,2119,1222,bangalore,mrsubramani,False
221,3,0,,arjun77384725,False
222,9,0,,rahul54208593,False
223,140,1,,r__worldnews,False
224,79,146,jnu chatrawas,the_known_worm,False
225,5,0,,rohan71912451,False
226,36,704,india,kumar56p,False
227,81513,29971,"189, cooperative colony,bokaro",samarjeet_n,False
228,8914,776,india,AshBiswal,False
229,21431,355,india,News18Politics,True
230,50208,191,india,NewsroomPostCom,True
231,134,40,chennai,Ven070670,False
232,341,627,india,TapashishC,False
233,16216,919,jamnagar gujarat,bk_chudasama,False
234,129,727,india,sreeprayag,False
235,10649,530,india,DDIndiaLive,True
236,569,4805,india,aadibdl,False
237,413,232,kolhapur,ddpthorat,False
238,5,25,united states,LalitSh63698102,False
239,106,230,naikin sidhi m p,arvindkumar489,False
240,359,873,,vinmaxinfotech,False
241,36681,530,republic of bharat,ArnabGoswamiRtv,False
242,3003,4835,bangalore,Udeerna1,False
243,76,220,,ashokachkan,False
244,96,36,bharat,PROFCHAUDHARY,False
245,429,4998,"hamiltonganj,westbengal,duars",guddu_kujur,False
246,2,51,,MilanMa30444892,False
247,285136,288,,SputnikInt,True
248,171,621,"new ashok nagar, new delhi",somitsrivastav,False
249,595,1181,india,_McSher,False
250,1480,352,india,vivivivi1307,False
251,2987,129,india,sahilkhurana09,False
252,1055,1807,,SZeeshanRafique,False
253,2202,71,,AbhayRishi28,False
254,5834,5710,india,ramana1729,False
255,5894,1554,"jammu, jammu and kashmir",ramindersays,False
256,2593,2456,india,TheSumanG,False
257,164,262,manhattan ny | kashmir,CulleEdwrd,False
258,0,0,,rushanksoni19,False
259,69062,131,world wide web,YahooIndia,True
260,235,220,vadodara,Dushyant_Jadav,False
261,5770,967,bangalore,ReallyGupta,False
262,8172,949,bombay,jkd18,True
263,14,96,,bhabshan,False
264,1918,117,india,AsiavilleNews,True
265,2668,4992,veraval gir somnath ,nareshkumbhani,False
266,1,16,,SUMANTA57746353,False
267,107,102,,SarcasticNFunny,False
268,282,118,mumbai maharashtra,PalveShashikant,False
269,3356,327,hyderabad,Eenadu_English,False
270,3377,819,india,PratibaRaman,False
271,503173,188,,BJPLive,True
272,3038,36,india,QuintFactCheck,True
273,3028,198,,wdamidoinhere,False
274,8667,2755,india,DILIPLOHIA,False
275,29,28,,JChandrana,False
276,14870,261,"saket, new delhi",newsclickin,False
277,35,4,india,ViharWikipedia,False
278,1545,2471,,shubham_jain999,False
279,204,2276,india,JyotirmayeJena,False
280,12965,154,india,goyalsanjeev,False
281,211,333,india,ActiWitty,False
282,32,225,india,Akshmalaji,False
283,55,174,india,Rnaik95,False
284,1641002,250,new delhi,PIB_India,True
285,123,187,india,Sickular_Hater,False
286,42216,32,,SouleFacts,False
287,0,0,,Sarkar15Aninda,False
288,205,18,india,NikhilP72108560,False
289,380,587,chennai,iCRAditya,False
290,0,0,,TKrishna_Mishra,False
291,4469,270,india,ChhabraGeeta,False
292,89,122,india,Sandeep71121431,False
293,0,0,,KPadmaRani_1,False
294,362,212,india,MumbaiPressNews,False
295,466,88,india,theindianwire,False
296,3586,834,"dil in delhi, dard in chennai",being_delhite,False
297,93827,1177,india,LiveLawIndia,False
298,8,37,jagalur,raghukanakuppe,False
299,447,36,india,camohanbn,False
300,2352,358,india,yuvaswapan,False
301,17889,382,"da nang, vietnam",IndoPac_Info,False
302,123,75,,drsubhashkapila,False
303,1417967,1192,bharat ,gauravcsawant,True
304,78,30,india,Arvind_82,False
305,2314,1184,india,agarwalrishabh,False
306,6987106,2266,india,BDUTT,True
307,56627,33,"908, 9th floor, tower a1, ansal corporate park, sector 142, noida",CatchNews,True
308,26556,14889,hyderabad,sreeniv51294598,False
309,5861,234,india,roopnayandarak,False
310,0,0,,PrasanthSivan10,False
311,11030,23,india,TheSiasatDaily,False
312,3,75,"dubai, united arab emirates",TheIndiaNext1,False
313,348,24,,Athmaraman2,False
314,177,3,india,newstimebarak,False
315,815,1023,sweet home,cbinewton,False
316,180,672,"new york, usa",IAmATennisDad,False
317,26199,546,india,SBJadejaBJP,False
318,66,46,,ste_alth,False
319,238149,46,mumbai,MinhazMerchant,True
320,0,71,,NinamaRitaben,False
321,231,287,india,vikshi1311,False
322,16,2,,Bright9_News,False
323,6129,3756,amersham london,DelhiMuse,False
324,186,30,,DKimiyager,False
325,9,106,"budapest, hungary",ZukorMichael,False
326,3172,894,india,drsbmantribjp,False
327,45,275,,Raamruturaj,False
328,205,1451,india,punjabtribune,False
329,0,0,,jiks,False
330,16624,30,india,TheLeaflet_in,False
331,196,1689,new delhi,alister1967,False
332,43731,45,"kl, malaysia",SwamiGeetika,False
333,1328,2142,,anti_corrupt_01,False
334,11582,457,"leicester, england",ImtiazMadmood,False
335,13506,551,pakistan,nayadaurpk,False
336,104,35,india,singh_meelu,False
337,1109,198,india,mantavyanews,False
338,30,33,india,cheez_m,False
339,5454,1133,‡Æï‡Øä‡Æô‡Øç‡Æï‡ØÅ‡Æ®‡Ææ‡Æü‡ØÅ / kongu nadu,_Kongu_,False
340,1517,4366,india,ShamsherSChauhn,False
341,10054,5839,india,FaraaahKhan,False
342,702,2754,india,hi_pathfinders,False
343,1018,1377,india,drpsvvardhan,False
344,1314,560, in ur minds,DaharwalK,False
345,0,0,,nirmohi_,False
346,0,0,,jkjadoon,False
347,5657,77,pakistan,PakistanTV_TV,False
348,37,59,everywhere,MysteryBlitz,False
349,39,42,,MarwahaAtul,False
350,192,1678,india,pkm1999,False
351,395,892,india,Chandankrishn13,False
352,277,155,india,Amit_knc,False
353,50237,30807,,gSrikarNews,False
354,1932,348,everywhere!,UniversePragati,False
355,452,1359,india,RAGCGHS,False
356,4341,2901,delhi,SinghPramod2784,False
357,118,134,india,88umashankar,False
358,34,82,india,NPM_Magazine,False
359,606,186,india,harsubhmy,False
360,15309,5729,india,CongressDahan,False
361,363,579,"‡§≠‡•Å‡§µ‡§®‡•á‡§∂‡•ç‡§µ‡§∞, ‡§≠‡§æ‡§∞‡§§",ajay_nandy,False
362,0,0,,PrinceKhyber2,False
363,0,0,,analyst15466,False
364,677,1440,chicago,hardiksp28,False
365,518,85,,NishantKawadia,False
366,498,637,india,Bokaro_boy,False
367,35,1,pakistan,123Pakistan_com,False
368,47,130,,RAJARJPS,False
369,16579,127,india,ibtimes_india,True
370,213433,306,new delhi,thecaravanindia,True
371,18,5,,Pooja29904393,False
372,16927,190,india,GetNewsd,True
373,0,0,,EvilYindoo,False
374,7377,1060,india,MaheshJoshi_MJ,False
375,139,396,"barcelona, spain",WishMaster2019,False
376,1,0,,AMadumoole,False
377,154,32,india,Laughalogist,False
378,66,0,,24x7Breaking,False
379,954,140,"‡§ï‡•ã‡§≤‡§ï‡§æ‡§§‡§æ, ‡§≠‡§æ‡§∞‡§§",SushilSancheti9,False
380,9,76,,udayanaryana,False
381,0,0,,RJSadia_Sattar,False
382,24,304,india,RaguramS4,False
383,55350,9120,citizen of the world ,gops33,False
384,233,30,india,s_anoopkumar,False
385,44,0,,fedium_news,False
386,16,2,,mohit_R_rakshit,False
387,657639,126,india,mid_day,True
388,523,613,india,CaptAKJ,False
389,592,79,bharat,masterstuff2,False
390,10333,256,india,TheStatesmanLtd,True
391,1390,389,,bhasaby,False
392,0,0,,Mango_News,False
393,857,1,lakhimpur kheri,tagtodayO,False
394,74,132,,RockzNaren,False
395,126,22,next to you ,dpshaju,False
396,77,279,,Intolrentndian,False
397,87,82,india,murti_shashank,False
398,0,169,"ukhrul -795142, manipur.",RathingKhaiyar,False
399,0,0,,Aswattaman,False
400,1591,408,"bengaluru, jambu dweepa",HariHaraBhakta,False
401,0,0,,kumarakash1110,False
402,8,37,,pkavasthi,False
403,702,679,pakistan,AonSayyed,False
404,3,70,uk,rajivagovil,False
405,847,1086,katigorah assam ,DilipDa60259821,False
406,7513,413,"surat, gujarat",purneshmodi,False
407,0,0,,mangusinghBjp4,False
408,52568,2074,‡§µ‡•â‡§∞‡•ç‡§°‡§® ‡§∞‡•ã‡§° mumbai / dubai ,RiaRevealed,True
409,4408,1635,hyderabad,thehansindiaweb,False
410,1135,872,bangalore,mmurthy4,False
411,1732,253,,yaps9,False
412,44,79,india,BarkhaS49008990,False
413,1916385,48,pakistan,DunyaNews,True
414,0,0,,1amabhinav,False
415,924,353,cyberworld,SuperGops,False
416,2651,467,india,MLMANDOWARA,False
417,269,419,india,gauaggbjp,False
418,196,743,gurgaon,nickelllll,False
419,121,97,pulwama - mumbai,370Article,False
420,18,9,india,NewstoLive1,False
421,323,269,india,Tweets_CS,False
422,7,6,,Indian60024161,False
423,130,115,india,_Indiaupdates,False
424,59,35,india,AmolDw1,False
425,23025,25,kozhikode,madhyamam,False
426,10,13,"rs puram, coimbatore",Mahesh2874,False
427,20829,598,hindustan,vickynanjappa,True
428,8514,1427,"lucknow ,gurgaon",Bharat_Putra,False
429,1717,2313,washington dc üá∫üá∏via üá∏üá¨üáÆüá≥,Akshobh,False
430,1933,1918,"england, united kingdom",Abdul248Abdul,False
431,35769,99,india,the_truepicture,False
432,2617046,29,india,DDNewsLive,True
433,56,470,india,KorpolePKumar,False
434,183,176,country without a post office,QaziSami,False
435,65,62,,IndiaNewsStream,False
436,999,1228,"bengaluru,bharat ",prabhatkumar76,False
437,17,164,,PublishThe,False
438,935,2056,,VijayNakhasi,False
439,7,15,india,ManoharlalMv,False
440,1390,963,,GarvHinduAR,False
441,25769,1531,,mughalbha,False
442,1307,1127,kasheer,NeonKashmir,False
443,0,0,,Utkarsh36752309,False
444,0,0,,97Wizra,False
445,14465,6661,,elkay14,False
446,1834,153,india,onlyursmusa,False
447,0,0,,nandini_idnani,False
448,1607,329,,CaravanDaily,False
449,55663,7,hyderabad,NtvteluguHD,False
450,661,736,"ut of jammu, delhi",ChowdhariAnsh,False
451,13558,67,new delhi,JammuKashmirNow,False
452,532973,694,mumbai,Spotboye,True
453,48,39,india,ajaijayant,False
454,7,11,india,HingoraDr,False
455,78,5,india,Sunpreity,False
456,2,9,india,PKANNAN40000840,False
457,47,8,,sheenirmalkumar,False
458,113,535,"new jersey, usa",KISHORMODI01,False
459,1688,180,jammu and kashmir,jkupdate,False
460,4742,96,india,vikingthakkar,False
461,43660,328,,sarkar_swati,False
462,3,13,india,vig_anil,False
463,1529,330,india,Prakash4BJP,False
464,215,312,new delhi,KamalGhildiyal,False
465,148,33,,NewspointjK,False
466,0,0,,shubhampatelone,False
467,40,0,india,nam_indocen,False
468,10548,5969,ludhiana,vastalitech,False
469,0,0,,kakati_priyank,False
470,1038,547,chennai,tisaiyan,False
471,16,371,india,nikhil23091999,False
472,601,1976,www.guruvayur4u.com,eastro,False
473,0,0,,PrevalentIndia,False
474,8920,3642,,LiberalMantri,False
475,567,165,india,MaaKePakode,False
476,15353,398,india,TheYadavPrince,False
477,0,0,,Yasinrehman,False
478,2032,964,mangalore,adarshhgd,False
479,1541,437,india,mayamadhava,False
480,84,40,india,subhadip_m,False
481,1265,766,india,iamashu123,False
482,5565,1816,gurgaon,RoshanSdrprop,False
483,364,705,silchar,NIRUPAMACHARJE1,False
484,354,297,if there were no borders..,kicktotrolls,False
485,34,426,india,IndraneelTraine,False
486,518,337,"ahmedabad/mumbai, ‡§≠‡§æ‡§∞‡§§.",vjchats_IN,False
487,2228,4538,kanchi,TambaramAIPC,False
488,0,0,,kamywhamy,False
489,109,49,,bvsmanyam1,False
490,314,35,india,bjpmanishp,False
491,25,0,,TheBoringTweet,False
492,6465,1181,land of reasonable restriction,tweetingsourav,False
493,83547,117,india,amishra77,True
494,4603,1247,"jammu and kashmir, ut",dharmicverangna,False
495,48,235,new delhi,DivyaUvach,False
496,4119,237,hyderabad,kochattil,False
497,11038,288,,SabahKashmiri,False
498,5888,4793,pudukkottai,srspdkt,False
499,113000,153221,punjab,yespunjab,False
500,58,144,india,dibuTweets,False
501,217,191,india,nallaganesh,False
502,1337,411,india,JasoosKutty,False
503,55,52,"prayagraj, ‡§≠‡§æ‡§∞‡§§",SaurabhCapt,False
504,0,0,,NikhilGorwani,False
505,1043,54,solitude,a20nitin,False
506,2079,183,india,IWF_Writers,False
507,17105,243,usa,SreeIyer1,False
508,49770,23714,india,BawaHS,False
509,33,56,,VirkNilay,False
510,4128,765,bhubaneswar. new delhi.,SagarSpeaksNews,False
511,2638,1360,hell,poopsy1971,False
512,8,167,,krishna21505511,False
513,440,5000,"new jersey, usa",DevKarlekar,False
514,84607,753,patiala | gurgaon,sadhavi,True
515,69,58,india,Manu_ked,False
516,278206,224,india,MumbaiMirror,True
517,140,101,pakistan,logicSpecie,False
518,67,445,india,FourthDimens1on,False
519,0,0,,SanghiKutteyMar,False
520,1008,255,india,PritiGupta65,False
521,37,161,indore,techshekhar,False
522,9761,135,vadodara,MyVadodara,False
523,0,0,,Venkateh_d,False
524,45,162,mumbai,drkarekar,False
525,1418,1459,,ChocolateLavaC1,False
526,12861,300,india,RAC7R,False
527,0,0,,AliJan20200,False
528,4523,307,india,iOnkarPandey,False
529,2482,2033,india,priyakamal,False
530,201,184,bharat ,bobbysinghkarol,False
531,0,0,,addi_43,False
532,182564,1247,india,UnSubtleDesi,True
533,488,92,pakistan,sr_analysis,False
534,7,117,india,keke_adhvaryu,False
535,0,0,,OmSharma_BJP,False
536,0,0,,LOLKuchBhi,False
537,802,1724,hyderabad,RSR_MeriDuniya,False
538,3986,564,indonesia,JonahBlank,True
539,1807,3001,mumbai,rajennair,False
540,2359,1564,new delhi,ShaktiShekhar,False
541,0,0,,analyst154666,False
542,1143,1118,hindustan,ankur3308,False
543,228360,2114,new delhi,madversity,True
544,42426,176,india,pratidintime,False
545,1102,569,"boston, usa ",joysamcyborg,False
546,0,0,,PrasadBivash,False
547,198,196,india,INSANATAN,False
548,180,706,india,Vakil_Raghu,False
549,4426,948,,RaghavChopra_,False
550,3661,139,delhi & north east,lindanewmai,False
551,0,0,skywriterwordofmouthpicture,jokeKAtoken,False
552,5,17,,StoryOfTheHour,False
553,154,217,chennai,jeanjseph,False
554,0,0,,aadilmoosa,False
555,2485,2324,,WalyaMayank,False
556,0,0,,EkAkeleSbk0Pele,False
557,4,104,,yuganraaj,False
558,83,330,odisha/bengaluru,amarspks,False
559,29,404,,no_one259,False
560,2707,3872,india,shaels,False
561,1294,517,new delhi,kcsnegi,False
562,1,42,,oci_ny,False
563,114,415,india,hariom_2988,False
564,6,39,india,Manoj7889K,False
565,56976,729,india,businessline,True
566,422,910,united kingdom,ganabhat,False
567,849,2083,india,jimiless,False
568,56915,860,india,AdvaitaKala,True
569,1484,834,,yempjith,False
570,0,0,,HajraNayyar,False
571,45108,727,india,aparanjape,True
572,40,254,india,PratikDevloper,False
573,1842,1326,india,dmalok,False
574,15725,2662,india,gunjakapoor,False
575,187,49,,ChandraNathKun1,False
576,39035,1136,ahmedabad (gujarat),drkiritpsolanki,True
577,446,530,india,mkb_tweet,False
578,2959,1406,india,AnilKumarKapil8,False
579,219,250,,samgupt,False
580,26232,74,india,OfficialJioTV,True
581,8790888,556,new delhi,sardesairajdeep,True
582,682,1790,,iamdharmarajan1,False
583,44,1800,,8tweeeter,False
584,5878,1137,,eNewsBharati,False
585,55,2104,currently milano,dhirajbhasin2,False
586,54,115,,Red__Wine2,False
587,909,816,india,ramgopaldass_77,False
588,2859,1365,mumbai,sureshbalann,False
589,435,318,india,IamRajPaladi,False
590,448486,2064,"pune, maharashtra",ShefVaidya,True
591,306,1409,india,Indilivenews,False
592,88,226,india,twitt_bhawani,False
593,75,57,india,BhagatBarath,False
594,19428,3718,india,Khandelw13Sagar,False
595,10894,1352,bbc news,soutikBBC,True
596,2558,253,mirzapur,bjp4Mirzapur,False
597,1997,270,"silicon valley, ca",haqsmusings,False
598,358,483,mumbai,pravingandhino1,False
599,203,364,pune,ROHITKUMBHOJKAR,False
600,0,0,,RaghuRa62185436,False
601,147,224,india,K_sSolanki,False
602,276997,159,new delhi,bainjal,True
603,13,76,india,tarakbjp,False
604,824,215,bhubaneshwar. new delhi.,TNITweet,False
605,1379,533,new  delhi,ParulChandraP,False
606,1050,1835,india,HeyRajeshJee,False
607,255,319,,WNN7Com,False
608,11752,606,delhi,kartikeya_1975,True
609,122445,852,"bangalore, delhi, mumbai, chennai, hyderabad",barandbench,False
610,84,313,,Rajeshbhanjan2,False
611,23941,242,india,kpnewschannel,False
612,0,0,,Yo_Buzz1,False
613,204,298,india,raktimtweets,False
614,275,157,india,BJPrajeshmishra,False
615,2,100,india,ShashiK24029693,False
616,202,593,india,KumarReddyCH,False
617,45,259,india,daredevilaks,False
618,0,0,,rawrkyadav,False
619,5104,3883,"birmingham, england",samajweekly,False
620,2411,865,bharatavarsha,GanapathyI,False
621,4288,474,‡§Ö‡§ñ‡§Ç‡§° ‡§≠‡§æ‡§∞‡§§,dinesh_chawla,False
622,73,0,,izoneyoojinie,False
623,12,43,,ash62404291,False
624,3610,4588,"georgia, usa",drishtikone,False
625,1851,1364,india,DCSSN,False
626,14295,162,,indusdotnews,False
627,3393,1438,india,debasish_sinha,False
628,2,278,,Sudersh49259672,False
629,304,507,at the feet of lord shiva ,chandan27648045,False
630,459,1177,pune,iGauravMahajan,False
631,702193,548,india,CNBCTV18Live,True
632,5055,5213,india,anandpdwivedi,False
633,10,59,nzoz,nathan_nzoz,False
634,10280,288,,JammuKashmir5,False
635,504,225,india,nedricknews,False
636,624,358,,dsen68,False
637,133292,483,"houston, new delhi",sunandavashisht,True
638,131,445,india,GopalkrishanBJP,False
639,917,1892,,arianindian,False
640,46,262,new delhi,Sanjay_Pandita,False
641,3813,2460,"new brunswick, canada",mlnangalama,False
642,712,51,india,vyasrahul,False
643,0,0,,Dhavalmendapar6,False
644,2661,4991,india,jiten_thacker,False
645,147,2226,india,balajimachine,False
646,186,228,india,anilsharmaa,False
647,23,95,india,sydneyroy2,False
648,281,5003,,KMohanHyd1,False
649,137,21,india,kachcha_chittha,False
650,459,1069,india,sbodkhe,False
651,552,1732,india,NavidocSingh,False
652,0,0,,Follementbijoux,False
653,140,312,,anjansengupta16,False
654,131,848,,kashyapvaishnav,False
655,270,81,,divadas,False
656,0,0,,Hoshiarpur_1947,False
657,398,125,,vigmukesh,False
658,1702,294,,mali_animesh,False
659,217,32,india,YouRTI_IN,False
660,311,117,united arab emirates,Skamritha,False
661,2523,1876,karnataka,Newskarnataka,False
662,52,202,"kalwa, thane",DrSantoshJoshi2,False
663,2292,648,india,RMayank25,False
664,49955,0,india,ani_digital,True
665,19189,132,india,pathan_sumaya,False
666,103,188,chandannagar,GhoshBhashkar,False
667,4929,0,global,Globalpoliticss,False
668,79711,363,india,YouthKiAwaaz,True
669,0,0,,RameshDubeyPBJP,False
670,0,0,,rutambhtrivedi,False
671,3022,68,india,NELiveTV,False
672,305,2026,new delhi l mumbai l lndia,PrriyaRaj,False
673,4624577,1265,pakistan,PTIofficial,True
674,87,0,,Brought_to_You,False
675,206,730,"richmond, va",richardsonlined,False
676,55,163,,AmitNair007,False
677,14,47,www.wnn7.com,WNNSeven,False
678,777,1427,coimbatore,mukeshmarda,False
679,5077,105,india,ashokdhamija,False
680,260,937,mumbai,vkdubey62,False
681,1,15,,asteroidrise1,False
682,688,1236,world,ranaalikash,False
683,24175,917,new delhi/kolkata ,anirbanganguly,True
684,1169,2815,india,iBirjuBaba,False
685,47,419,india,AmolKulthiya,False
686,88,309,,Adipkr,False
687,16,294,"kakinada,andhrapradesh",osrmurtyvbmd1,False
688,5898,0,delhi,TheRitamApp,False
689,54,15,,Priyank_Parikh,False
690,70,281,india,AkashGu53180228,False
691,0,0,,DurgaSingh90,False
692,404,459,allahabad,vishalpcbvisha1,False
693,31,146,india,michaelalok,False
694,3021,150,mumbai,Raviravirai,True
695,137,10,india,way2_news,False
696,1184,4866,balochistan state,Qasimbaluch1,False
697,118,80,,alertpune,False
698,30,470,,tarksheel4ever,False
699,3307,2423,,Akashtv1Soni,False
700,32180,682,"california, usa",pGurus1,True
701,33,987,india,RaghuGo17393984,False
702,0,0,,DefenceTm,False
703,178,304,india,Gaurav_agni,False
704,1507,645,,Achintiyah,False
705,140190,2556,,DrShobha,False
706,951,834,india,drjknanda,False
707,148,685,kashmir,mohammadjazim,False
708,0,0,,DineshDhaked06,False
709,293,129,islamabad,dEdOVeTwEetS,False
710,111705,52,india,ttindia,True
711,2752,978,new delhi,LogicalHindu_,False
712,15731,48,,PBNS_India,True
713,60,586,india,pulakpathak_,False
714,16077,71,,TOICitiesNews,True
715,17186,138,india,sakaltimes,False
716,6,13,,Satyawadi5,False
717,375,593,india,mehtasatishk,False
718,0,0,,terayaar_,False
719,27071,2476,"new delhi, bharat",prafullaketkar,False
720,152,110,,asarpotar,False
721,18440,660,india,Mohansinha,False
722,61,844,india,colibriroja,False
723,185,921, .....,Vipulakmishra,False
724,583,687,meerut/noida,anilguptarsd,False
725,295,400,,BhauIndian,False
726,803,842,in the wilderness,jinitjain08,False
727,60073,1348,india,fx16news,False
728,2118,4394,,RupakalaKamath,False
729,1999,1014,near charging point üîå,DesiDiplomat,False
730,1170,492,"kolkata, west bengal",sumonseng,False
731,729,2554,,kottayimavoor,False
732,7,14,india,krishnavilas09,False
733,1400,2137,india,sandesh_samant,False
734,265,17,,BharatEkHai,False
735,127,1393,"delhi, noida, dabra, gwalior",Nishkarsh1108,False
736,853,621,india,nagotrk,False
737,36,71,,Pappu4201,False
738,216,1,,DeepFinds,False
739,23022,15661,follows you,PplOfIndia,False
740,0,0,,PJJonesRobin1,False
741,0,0,,KiranPakistaani,False
742,275,929,india,sahilkansal92,False
743,11,89,india,Somvirs58122369,False
744,0,0,,UniverseInChaos,False
745,1466,1284,india,bidhyarthi2007,False
746,215,447,"vancouver, canada",Pravinexa,False
747,504,930,india,rajeetsinha,False
748,1964,2035,,sumantaghosh,False
749,35,97,,MarG_G_Meri,False
750,15219,7,india,pranesh,True
751,7,19,,nahusharaj,False
752,78,721,,_A_j_i_t,False
753,416,100,india,sanjaymalankiya,False
754,0,0,,PrinceR60745332,False
755,703,1644,jammu and kashmir,kbhan89,False
756,28,8,india,newsicology,False
757,234,440,pakistan,JawadKianiAJK,False
758,12,122,india,Abhishek1998680,False
759,7211,6492,india,murtuzaspeaks,False
760,3450,2386,india,indrapalbjp,False
761,5368,1244,"guwahati, assam",Sentinel_Assam,False
762,1407,357,,KSVSUBRAMANIAN,False
763,15097,4553,india,RohanV,True
764,3512,537,bharat,NATRAJSHETTY,False
765,39,37,india,calokeshlawaniy,False
766,1830,900,my own place,my2bit,False
767,1015,1330,india,YangerLongkume2,True
768,0,0,,karabhijeet_kar,False
769,27,147,,RishavRajMaroti,False
770,31,21,india,CHANDAN0287,False
771,14684,1662,akhand bharat,BesuraTaansane,False
772,0,0,,Trendolizer,False
773,12,61,india,VIPULPA81478564,False
774,9946,3272,vasudhaiva kutumbakam,Purple_Truth,False
775,757,1499,india,CaptAssamRegt,False
776,0,0,,BhattNaturally1,False
777,49372,553,india,PawanDurani,True
778,551,1323,,Srivatsan_91,False
779,1379,1302,mumbai,benguism,False
780,704,1046,mumbai,milidezzz2,False
781,690,929,india,kanthalaraghu,False
782,664,278,india,insidene,False
783,52,362,bhubaneswar,asharam_swain,False
784,678,250,,sarahmarb,False
785,238,26,hyderabad,manatelugu,False
786,28,822,kolkata ,prasunbiswas162,False
787,1247,499,india,harishchawla49,False
788,1572,2045,new delhi,devakikhanna,False
789,0,0,,Jatt_Khaliq_1,False
790,0,0,,sanjay_mishra91,False
791,0,0,,newsbluntmedia,False
792,0,0,,tagseeker,False
793,0,0,,instantsPost,False
794,0,0,,TOIOpinion,False
795,0,0,,zyzjka,False
796,0,0,,theViralLines,False
797,0,0,,Marianhouk,False
798,0,0,,hasanarshad610,False
799,0,0,,sanamushtaq000,False
800,0,0,,dilbagkoundal,False
801,0,0,,bhavanarnath,False
802,0,0,,drrnsing,False
803,0,0,,sbajpai2811,False
804,0,0,,amargov,False
805,0,0,,rjgms,False
806,0,0,,mohitsingh107,False
807,0,0,,dwnmhr4,False
808,0,0,,deepakbhx,False
809,0,0,,grnairravinivas,False
810,0,0,,Bjp4Bhadohi,False
811,0,0,,epiloguepress,False
812,0,0,,DailyRahnuma,False
813,0,0,,SatyabrataDatta,False
814,0,0,,kchari2,False
815,0,0,,Vande_Mataram,False
816,0,0,,Bob_Ganguly,False
817,0,0,,sauhem26,False
818,0,0,,nandaji1958,False
819,0,0,,Indilens_Times,False
820,0,0,,anita_chauhan80,False
821,0,0,,ItsMujtabaRizvi,False
822,0,0,,MohsinRiazPK,False
823,0,0,,Ethirajans,False
824,0,0,,FAIZ1961,False
825,0,0,,AyushKhanna,False
826,0,0,,zoglassie,False
827,0,0,,SaraAliBhatti,False
828,0,0,,Sanny_2050,False
829,0,0,,MJan26549512,False
830,0,0,,vpatil216,False
831,0,0,,Karan05880775,False
832,0,0,,rajsrivastava29,False
833,0,0,,vakratunda2305,False
834,0,0,,gopimaliwal,False
835,0,0,,epw_in,False
836,0,0,,akaash111,False
837,0,0,,kaliaamarjit,False
838,0,0,,upasanatigress,False
839,0,0,,Ahmedshabbir20,False
840,0,0,,ShehryarSiddiq9,False
841,0,0,,Rita_2110,False
842,0,0,,hemirdesai,False
843,0,0,,BJP4NoidaMN,False
844,0,0,,ManishS12706392,False
845,0,0,,chappanTaare,False
846,0,0,,AbhilashGundap1,False
847,0,0,,jay_ambadi,False
848,0,0,,Tavysingh,False
849,0,0,,Vishwapada,False
850,0,0,,somitrajain,False
851,0,0,,rajeevbhaskarht,False
852,0,0,,jazba_junoon,False
853,0,0,,drssolunke,False
854,0,0,,Iyervval,False
855,0,0,,alokchadha,False
856,0,0,,ShiChikkalli,False
857,0,0,,Pranavsinh9,False
858,0,0,,abanishsinha,False
859,0,0,,anwartarikh1,False
860,0,0,,Mat06122597,False
861,0,0,,BBCNewsAsia,False
862,0,0,,IsUpdate1,False
863,0,0,,mathrubhumieng,False
864,0,0,,SunjayJK,False
865,0,0,,PTVNewsOfficial,False
866,0,0,,ankurysharma,False
867,0,0,,QureshiAsadAli,False
868,0,0,,DBhaskarHindi,False
869,0,0,,RajeevShrikhand,False
870,0,0,,mohhamed_shafi,False
871,0,0,,TBReporter,False
872,0,0,,manatelugumovie,False
873,0,0,,BatwadaSaurabh,False
874,0,0,,HareKri31946192,False
875,0,0,,KanchanGupta,False
876,0,0,,Thakur35479487,False
877,0,0,,webjournalismcg,False
878,0,0,,IbtisamChdhry,False
879,0,0,,ashishborar,False
880,0,0,,DebayanDictum,False
881,0,0,,kcpanda1955,False
882,0,0,,RatanSharda55,False
883,0,0,,MayPiss,False
884,0,0,,PatelSiddhant_,False
885,0,0,,AnasMallick,False
886,0,0,,ToooOpinionated,False
887,0,0,,ashokhajeri,False
888,0,0,,zee_you_be_ayyy,False
889,0,0,,GreatIn58317225,False
890,0,0,,JaisekharNair,False
891,0,0,,abramkhan0070,False
892,0,0,,Ra_Bies,False
893,0,0,,AbhishBanerj,False
894,0,0,,srijanapiya17,False
895,0,0,,anuragsinghrana,False
896,0,0,,indiavotekar,False
897,0,0,,iam_manojgoenka,False
898,0,0,,tejmalik,False
899,0,0,,oie1718,False
900,0,0,,iam_cgacademy,False
901,0,0,,Loveind61683711,False
902,0,0,,sevakmaheshr,False
903,0,0,,webodisha,False
904,0,0,,WhoDebitara,False
905,0,0,,RapidLeaksIndia,False
906,0,0,,Article3703,False
907,0,0,,sanjeevhapur,False
908,0,0,,sarral_sharma,False
909,0,0,,The_Wa_Na,False
910,0,0,,earthwalker7717,False
911,0,0,,surajkaul4,False
912,0,0,,akshayharlikar,False
913,0,0,,ndtvvideos,False
914,0,0,,sybaritico,False
915,0,0,,Dushyant_patel7,False
916,0,0,,AxPn,False
917,0,0,,RaghuramanMenon,False
918,0,0,,sourav4699,False
919,0,0,,sanwat,False
920,0,0,,Shaelesh,False
921,0,0,,breakingknowlez,False
922,0,0,,Riztalk_,False
923,0,0,,dc2727,False
924,0,0,,maheshu483,False
925,0,0,,ajaycpp,False
926,0,0,,say_thakur,False
927,0,0,,sudip_ind,False
928,0,0,,achyutha,False
929,0,0,,BNBBJP,False
930,0,0,,vickoo1976,False
931,0,0,,JituDek31855307,False
932,0,0,,ghulamabbasshah,False
933,0,0,,RaziaSultana_2,False
934,0,0,,Shimographer,False
935,0,0,,FactCheckIndia,False
936,0,0,,Mrizkhan001,False
937,292,947,india,sunder_barange,False
938,13857,35,jammu and kashmir,AQUIBMIR7,False
939,824,325,,BibiPakhii,False
940,4774,255,new delhi,naveenjindalbjp,False
941,1755,851,india,bhs7rocks,False
942,16,30,india,BMirror,False
943,71,57,,HT96768238,False
944,321,167,,TayaAmritsaria3,False
945,48,128,india,rksaha007,False
946,57473,389,,moronhumor,False
947,904,327,india,adi27588,False
948,699,172,india,ethicalman3,False
949,6147,4363,delhi,kk0000000000,False
950,441,1312,india,DrPrasadVA,False
951,867,233,india,Abhi_Gosavi17,False
952,33209,8708,,TOITopStories,False
953,1041,477,kashmir!,AWGeer,False
954,85,91,republic of jambudweepa,HitStitch,False
955,11,7,india,Mahesh_R_G,False
956,25660,470,india,twilightfairy,False
957,210,1769,india,akashrai_3575,False
958,0,0,,pakistanfirst96,False
959,6349,4213,"london, uk",naomi2009,False
960,711,646,,JrmChenu,False
961,302809,12,,trtworld,True
962,3392,1318,india,daijiworldnews,False
963,94,249,india,tyagu7,False
964,502737,37,pakistan,thenews_intl,True
965,27,68,united states,DhirRahat,False
966,65,140,andhra pradesh,RaveendraSreer1,False
967,5168,209,india,sabrangindia,False
968,0,0,,anuradhatripat3,False
969,1105,222,india,AsYouNotThinks,False
970,318603,178656,,PuriVirender,False
971,34907,1462,‡§≠‡§æ‡§∞‡§§,manojsirsa,False
972,77041,1886,india,LogicalIndians,True
973,42,112,karnataka,MajDrBPSingh1,False
974,0,0,,ManavKaushal11,False
975,1556,5002,india,KMariyanka,False
976,2243,380,south of the vindhyas,rsrikanth05,False
977,109,364,,popup1232,False
978,2040,851,india,thejendra,False
979,1542,4895,india,Ishrat69998615,False
980,1106,388,india,bhanmanoj,False
981,90,548,india,finddipankar,False
982,455,0,"al jahra, kuwait",Mr__Limit,False
983,9407,731,faridabad,Shivam_h9,False
984,89,271,india,NewsJ1964,False
985,521,1168,,Malalai07,False
986,129956,1115,india,PathanAsmakhan,False
987,140473,12711,delhi-pune-mumbai ,tehseenp,True
988,31676,2622,,SaketGokhale,False
989,520,830,chennai,TweetsOfSunil,False
990,111,348,bharat,HRationalist,False
991,29,78,india,navaindiaexport,False
992,264,1195,‡§≠‡§æ‡§∞‡§§,IndiaAtWar,False
993,1809,1188,india,ramakirao,False
994,10085,253,india,Engihumor,False
995,20864,3321,india,NavroopSingh_,False
996,4811,5227,india,tikam53,False
997,919,798,delhi,snehanshus,False
998,375,149,vadodara ,DrSachinSrivas1,False
999,0,0,,dhanyarajkhs,False
